part_number,component_name,category,manufacturer,core_architecture,max_clock_mhz,flash_memory_kb,sram_kb,operating_voltage_min_v,operating_voltage_max_v,active_current_ma,sleep_current_ua,supported_protocols,package_type,operating_temp_range_c,compatible_companion_chips,target_applications,errata_and_operational_notes
ESP32-S3-WROOM-1,Espressif ESP32-S3 Dual-Core AI SoC,Wireless SoC,Espressif Systems,Dual-core 32-bit Xtensa LX7,240,8192,512,3.0,3.6,68.0,5.0,"Wi-Fi 802.11 b/g/n, BLE 5.0, SPI, I2C, UART, USB-OTG",QFN-56 (7x7mm),-40°C to +85°C,"BME688-MEMS, ATECC608A-TNGTLS","Edge AI Vision & Voice, Industrial IoT, Smart Home Gateway",GPIO34 through GPIO39 are input-only and lack internal weak pull-up/pull-down resistors. Dedicated decoupling capacitors (10uF + 0.1uF) required close to VDD33 pins to prevent brownout during Wi-Fi calibration bursts.
STM32H743ZI,STMicroelectronics STM32H7 High-Performance MCU,Microcontroller,STMicroelectronics,32-bit Arm Cortex-M7 with DP-FPU,480,2048,1024,1.71,3.6,220.0,2.8,"CAN-FD, SPI, I2C, UART, Ethernet 10/100, USB-OTG, SAI",LQFP-144 (20x20mm),-40°C to +85°C,"SX1262-LORA, ATECC608A-TNGTLS","Industrial Automation, Motor Control, High-End Audio, Avionics Telemetry",Errata ES0392: AXI SRAM concurrent DMA reads during high-speed burst transfers may cause clock synchronization stalls unless AHB priority arbitration is configured. External SMPS power supply requires 4.7uH inductor.
BME688-MEMS,Bosch BME688 4-in-1 Gas Sensor with AI,MEMS Sensor,Bosch Sensortec,MEMS Metal-Oxide Gas Transducer with ASIC,0,0,0,1.71,3.6,3.9,0.15,"I2C, SPI",LGA-8 (3.0x3.0x0.93mm),-40°C to +85°C,"ESP32-S3-WROOM-1, nRF52840, STM32U585","Indoor Air Quality Monitoring, Wildfire Early Detection, Breath VOC Analysis, HVAC",Gas scanner hot-plate heater requires pulsed drive timing; continuous heater activation above 400°C degrades sensitive layer longevity. Ensure solder flux residues are ultrasonic cleaned to avoid baseline VOC drift.
ATECC608A-TNGTLS,Microchip CryptoAuthentication Hardware Security Element,Hardware Security Element,Microchip Technology,Hardware Cryptographic Engine with Secure EEPROM,0,10,1,2.0,5.5,1.0,0.05,"I2C, Single-Wire Interface (SWI)",SOIC-8 (4.9x3.9mm),-40°C to +85°C,"ESP32-S3-WROOM-1, STM32H743ZI, nRF52840, RP2040","Secure Boot, Zero-Touch Cloud Provisioning, TLS Session Encryption, Anti-Counterfeiting",Wake token requires SDA line driven LOW for minimum 60 microseconds before first I2C packet transmission. Configuration zone locks permanently after final production commissioning; test in unlocked development zone first.
nRF52840,Nordic Semiconductor Multi-Protocol Bluetooth 5.3 SoC,Wireless SoC,Nordic Semiconductor,32-bit Arm Cortex-M4F with FPU,64,1024,256,1.7,5.5,4.8,0.4,"BLE 5.3, Thread, Zigbee, NFC, USB 2.0, SPI, I2C, UART",aQFN-73 (7x7mm),-40°C to +105°C,"BME688-MEMS, ATECC608A-TNGTLS, SX1262-LORA","Medical Wearables, Connected Health, Asset Tracking, Smart Lighting",Errata PAN-214: High DC-DC converter regulator ripple during high transmit power (+8 dBm) requires strict PCB ground stitching around C16/C17 matching network. NFC antenna pins NFC1/NFC2 default to NFC mode; reconfigure in UICR for standard GPIO usage.
STM32U585,STMicroelectronics Ultra-Low-Power Cortex-M33 MCU,Microcontroller,STMicroelectronics,32-bit Arm Cortex-M33 with TrustZone,160,2048,786,1.71,3.6,19.0,1.2,"CAN-FD, USB-C FS, SPI, I2C, UART, SAI",LQFP-100 (14x14mm),-40°C to +85°C,"BME688-MEMS, ATECC608A-TNGTLS","Battery-Powered Industrial IoT, Smart Energy Meters, Portable Medical Devices",Low-power autonomous peripherals (LPBAM) require background SRAM4 retention voltage enabled in PWR register before entering Stop 3 sleep state. Ensure USB Type-C CC pins have pull-down terminations.
CC2652R,Texas Instruments SimpleLink Multiprotocol Wireless MCU,Wireless SoC,Texas Instruments,32-bit Arm Cortex-M4F + Sensor Controller Engine,48,352,80,1.8,3.8,6.9,0.9,"BLE 5.2, Thread, Zigbee, Sub-1GHz, SPI, I2C, UART",QFN-48 (7x7mm),-40°C to +105°C,"BME688-MEMS, SX1262-LORA","Building Automation, Smart Metering, Grid Infrastructure, Wireless Sensor Networks",Sub-1GHz RF impedance match requires differential balun filter network. Sensor Controller Engine autonomous tasks must preserve memory boundaries to avoid overwriting shared system RAM buffers.
MAX32666,Analog Devices / Maxim Low-Power Dual-Core BLE MCU,Wireless SoC,Analog Devices,Dual-core Arm Cortex-M4F with FPU + BLE 5.2,96,1024,560,1.71,3.6,8.5,1.5,"BLE 5.2, SPI, I2C, UART, 1-Wire, USB-FS",WLP-108 (4.4x4.4mm),-40°C to +105°C,"BME688-MEMS, ATECC608A-TNGTLS","Clinical Patient Monitoring, Wearable Biosensing, Smart Hearables, Sports Telemetry",SIMO buck regulator output voltages must be sequenced in strict order (VREG1 -> VREG2) during cold power-on. Wafer-Level Packaging (WLP) requires underfill epoxy to mitigate solder fatigue in thermal cycling.
RP2040,Raspberry Pi RP2040 Dual Cortex-M0+ Microcontroller,Microcontroller,Raspberry Pi Ltd,Dual-core 32-bit Arm Cortex-M0+,133,0,264,1.8,3.3,18.0,180.0,"SPI, I2C, UART, USB 1.1, PIO",QFN-56 (7x7mm),-20°C to +85°C,"BME688-MEMS, ATECC608A-TNGTLS, SX1262-LORA","Embedded Prototyping, Custom Protocol Translation, Education, USB Peripherals",RP2040-E5 errata: USB bootloader pull-up resistor anomaly on early silicon stepping requires external 1k pull-up resistor or software work-around. Lacks on-chip non-volatile flash; requires external QSPI Flash memory (Winbond W25Q16/W25Q32).
SX1262-LORA,Semtech SX1262 Long-Range Sub-GHz RF Transceiver,RF Transceiver,Semtech Corporation,LoRa Chirp Spread Spectrum & (G)FSK RF Modulator,32,0,0,1.8,3.7,4.2,0.16,"SPI",QFN-24 (4x4mm),-40°C to +85°C,"STM32H743ZI, nRF52840, CC2652R, RP2040","Long-Range IoT Telemetry, Smart Agriculture, Remote Infrastructure Sensing, Disaster Warning",High transmit power output (+22 dBm) causes substantial peak current consumption (up to 118 mA). Must implement low-ESR bulk capacitance on VBAT_RF and ensure antenna matching network complies with ETSI/FCC harmonics limits.
